{"cameraMode":{"drawMode":0,"name":"Shaded","section":"Shading Mode"},"sceneLighting":true,"audioPlay":false,"sceneViewState":{"m_AlwaysRefresh":false,"showFog":true,"showSkybox":true,"showFlares":true,"showImageEffects":true,"showParticleSystems":true,"showVisualEffectGraphs":true,"m_FxEnabled":true},"in2DMode":false,"pivot":{"x":1.2985353469848633,"y":14.441070556640625,"z":26.280302047729493},"rotation":{"x":0.2054099440574646,"y":0.1316627413034439,"z":-0.027898626402020456,"w":0.9693804383277893},"size":22.453638076782228,"orthographic":false}